fbaversor0,Fair,Baversor,fbaversor0@pinterest.com,tziSeYrT
emasterson1,Ernesta,Masterson,emasterson1@tiny.cc,flY4MXzrJURY
ekeiley2,Erhard,Keiley,ekeiley2@walmart.com,Qx3LKf2
gliggins3,Grenville,Liggins,gliggins3@google.cn,n26Q7ww
hbrumfield4,Hannah,Brumfield,hbrumfield4@nytimes.com,C2wLvXyF
bbierman5,Bobby,Bierman,bbierman5@youtube.com,K7PZXE
mgoodenough6,Myrtice,Goodenough,mgoodenough6@businesswire.com,c4dwm7Oxt
mclint7,Meara,Clint,mclint7@merriam-webster.com,rd7lmGz
bbriatt8,Blythe,Briatt,bbriatt8@biblegateway.com,ksxjtkPj
ipashba9,Inglebert,Pashba,ipashba9@infoseek.co.jp,lbqapOC
